sale_id,customer_name,product,quantity,price_per_unit,payment_mode,city,total_amount
1,Simran,Mouse,1,49981,Cash,Bangalore,49981
2,Raj,Mouse,4,36908,UPI,Nagpur,147632
3,Pooja,Laptop,8,28970,NetBanking,Hyderabad,231760
4,Simran,Headphones,5,20991,NetBanking,Nagpur,104955
5,Neha,Mobile,2,1841,UPI,Mumbai,3682
6,Vishal,Laptop,6,45123,Card,Pune,270738
7,Pooja,Mobile,5,25291,Card,Bangalore,126455
8,Pooja,Smartwatch,2,838,NetBanking,Mumbai,1676
9,Simran,Mobile,3,6395,Cash,Pune,19185
10,,Headphones,9,12754,Card,Mumbai,114786
11,Neha,Smartwatch,7,11844,Card,Hyderabad,82908
12,Simran,Mobile,7,2250,UPI,Bangalore,15750
13,Neha,Smartwatch,6,2921,UPI,Nagpur,17526
14,Neha,Mobile,8,40387,Cash,Nagpur,323096
15,Vishal,Headphones,4,5819,Card,Pune,23276
16,Pooja,Mobile,8,16396,Card,Delhi,131168
17,Raj,Mobile,4,12418,UPI,Hyderabad,49672
18,,Mobile,8,25564,Card,Pune,204512
19,Vishal,Laptop,9,47117,NetBanking,Delhi,424053
20,Neha,Laptop,3,28435,UPI,Mumbai,85305
21,Karan,Laptop,3,38141,Cash,Hyderabad,114423
22,Pooja,Headphones,2,30211,UPI,Mumbai,60422
23,Riya,Smartwatch,3,5306,Card,Bangalore,15918
24,Vishal,Mouse,3,41860,Cash,Hyderabad,125580
25,Raj,Mobile,5,12682,UPI,Delhi,63410
26,Karan,Mobile,5,22797,NetBanking,Bangalore,113985
27,Karan,Headphones,2,20041,NetBanking,Nagpur,40082
28,Riya,Mobile,6,29421,UPI,Delhi,176526
29,Vishal,Laptop,5,17274,NetBanking,Pune,86370
30,Raj,Mouse,6,45313,NetBanking,Nagpur,271878
31,Pooja,Keyboard,1,37698,NetBanking,,37698
32,Amit,Mobile,5,9320,Cash,Pune,46600
33,Raj,Laptop,9,24570,NetBanking,Hyderabad,221130
34,Riya,Keyboard,2,4732,NetBanking,Nagpur,9464
35,Karan,Mouse,1,11622,NetBanking,Delhi,11622
36,Pooja,Keyboard,9,15523,Cash,Bangalore,139707
37,Raj,Laptop,9,8507,UPI,Nagpur,76563
38,Amit,Smartwatch,9,18405,Card,Delhi,165645
39,Amit,Smartwatch,6,42286,NetBanking,Mumbai,253716
40,Neha,Keyboard,8,29898,UPI,Delhi,239184
41,Neha,Headphones,1,34768,NetBanking,Bangalore,34768
42,Simran,Keyboard,4,7237,Cash,Delhi,28948
43,Riya,Mobile,1,36562,UPI,Pune,36562
44,Vishal,Mobile,8,26010,Cash,Bangalore,208080
45,Raj,Smartwatch,1,19926,NetBanking,Hyderabad,19926
46,Raj,Headphones,3,37765,NetBanking,Mumbai,113295
47,Vishal,Laptop,4,18350,Cash,Pune,73400
48,Simran,Mobile,8,1114,Card,Hyderabad,8912
49,Karan,Smartwatch,6,22276,Cash,Delhi,133656
50,Karan,Mouse,7,24577,NetBanking,Bangalore,172039
51,Simran,Smartwatch,8,9874,Cash,,78992
52,Karan,Mobile,2,35935,Card,Pune,71870
53,Neha,Mobile,8,31407,Cash,Hyderabad,251256
54,Raj,Smartwatch,3,13909,Card,Hyderabad,41727
55,Simran,Laptop,7,17014,Card,Mumbai,119098
56,Raj,Keyboard,3,30366,Cash,Delhi,91098
57,Vishal,Mobile,7,3483,Cash,Mumbai,24381
58,Amit,Smartwatch,2,32205,UPI,Hyderabad,64410
59,Neha,Smartwatch,6,21162,NetBanking,Nagpur,126972
60,Pooja,Headphones,3,24010,Card,Pune,72030
61,Neha,Keyboard,3,13151,UPI,Mumbai,39453
62,Simran,Mouse,9,41498,Cash,Hyderabad,373482
63,Pooja,Laptop,7,29035,NetBanking,Delhi,203245
64,,Mouse,5,7140,UPI,Hyderabad,35700
65,Simran,Keyboard,7,45047,Card,Delhi,315329
66,Riya,Keyboard,9,15817,UPI,Mumbai,142353
67,Raj,Keyboard,1,8064,Card,Delhi,8064
68,Amit,Mouse,7,27845,Cash,Bangalore,194915
69,Raj,Keyboard,6,48788,NetBanking,Bangalore,292728
70,Karan,Smartwatch,9,29187,NetBanking,Bangalore,262683
71,Riya,Mouse,1,14237,NetBanking,Nagpur,14237
72,Riya,Keyboard,4,9823,Cash,Mumbai,39292
73,Amit,Smartwatch,9,15729,Card,Hyderabad,141561
74,Riya,Headphones,4,44981,Cash,Hyderabad,179924
75,Pooja,Keyboard,3,9002,NetBanking,Nagpur,27006
76,Riya,Mouse,9,1045,Cash,Delhi,9405
77,Raj,Mobile,2,37614,,Nagpur,75228
78,Raj,Keyboard,4,29930,Cash,Delhi,119720
79,Simran,Mobile,6,10496,Card,Delhi,62976
80,Raj,Smartwatch,2,28288,UPI,Pune,56576
81,Simran,Headphones,8,30469,UPI,Hyderabad,243752
82,Raj,Laptop,8,49043,Cash,Bangalore,392344
83,Pooja,Headphones,1,14419,UPI,Delhi,14419
84,Vishal,Keyboard,3,4310,UPI,Pune,12930
85,Simran,Mobile,9,31086,Cash,Hyderabad,279774
86,Neha,Mobile,5,40474,Cash,Bangalore,202370
87,Karan,Mouse,6,42273,NetBanking,Delhi,253638
88,Amit,Mobile,4,16871,UPI,Delhi,67484
89,Raj,,2,45584,Card,Nagpur,91168
90,Riya,Smartwatch,8,30129,Cash,Nagpur,241032
91,Vishal,Laptop,6,8936,NetBanking,Hyderabad,53616
92,Raj,Keyboard,5,13484,Card,Bangalore,67420
93,Riya,Mouse,9,33539,UPI,Delhi,301851
94,Karan,Laptop,1,20395,NetBanking,Hyderabad,20395
95,Karan,Mobile,5,18655,Cash,Hyderabad,93275
96,Karan,Mobile,6,11116,Card,Mumbai,66696
97,Riya,Laptop,5,37629,,Nagpur,188145
98,Raj,Mobile,6,40337,UPI,Bangalore,242022
99,Karan,Smartwatch,6,25074,Card,Delhi,150444
100,Pooja,Smartwatch,7,3930,UPI,Hyderabad,27510
101,Simran,Laptop,4,13176,UPI,Delhi,52704
102,Riya,Mouse,8,11316,NetBanking,Mumbai,90528
103,Riya,Mouse,7,33233,Cash,Bangalore,232631
104,Raj,Laptop,9,20644,Card,Hyderabad,185796
105,Riya,Mouse,7,2550,UPI,Delhi,17850
106,Riya,Mouse,3,44960,UPI,Nagpur,134880
107,Karan,Smartwatch,3,34433,Card,Mumbai,103299
108,Raj,Mouse,8,25451,UPI,Bangalore,203608
109,Karan,Headphones,5,32913,NetBanking,Mumbai,164565
110,Simran,Keyboard,4,35301,NetBanking,Nagpur,141204
111,Vishal,Mobile,8,33413,NetBanking,Bangalore,267304
112,Simran,Headphones,6,47537,NetBanking,Mumbai,285222
113,Vishal,Mouse,2,41100,UPI,Pune,82200
114,Karan,Smartwatch,4,25780,Card,Nagpur,103120
115,Simran,Laptop,4,25057,Card,Nagpur,100228
116,Raj,Mouse,6,47554,Card,Nagpur,285324
117,Amit,Smartwatch,6,35900,Card,Pune,215400
118,Karan,Keyboard,1,4994,Cash,Pune,4994
119,Vishal,Mouse,8,15652,Card,Delhi,125216
120,Pooja,Laptop,6,24395,Cash,Hyderabad,146370
121,Vishal,Smartwatch,3,9655,Cash,Mumbai,28965
122,,Smartwatch,9,32383,NetBanking,Delhi,291447
123,Riya,,2,43694,Cash,Mumbai,87388
124,Simran,Keyboard,8,43501,UPI,Hyderabad,348008
125,Pooja,Mouse,3,2328,Cash,Pune,6984
126,Vishal,Keyboard,5,45528,NetBanking,Hyderabad,227640
127,Riya,Mobile,6,42398,Cash,Pune,254388
128,Amit,Mobile,6,32623,UPI,Hyderabad,195738
129,Raj,Mouse,4,38073,UPI,Delhi,152292
130,Raj,Keyboard,3,1306,UPI,Bangalore,3918
131,Raj,Laptop,4,41470,NetBanking,Delhi,165880
132,Pooja,Smartwatch,1,30257,NetBanking,Mumbai,30257
133,Amit,Smartwatch,4,35136,Card,Delhi,140544
134,Pooja,Mouse,1,15061,NetBanking,Nagpur,15061
135,Simran,Mobile,1,48780,UPI,Mumbai,48780
136,Pooja,Mobile,6,24762,UPI,Hyderabad,148572
137,Amit,Smartwatch,5,15399,NetBanking,Mumbai,76995
138,Amit,Mouse,4,49488,Cash,Bangalore,197952
139,Simran,Keyboard,3,16434,NetBanking,Pune,49302
140,Amit,Mobile,1,38697,NetBanking,Hyderabad,38697
141,Vishal,Keyboard,6,42344,UPI,Mumbai,254064
142,Amit,Mobile,2,36832,Card,Hyderabad,73664
143,Raj,Mobile,8,34657,UPI,Hyderabad,277256
144,Vishal,Headphones,5,12093,Card,Hyderabad,60465
145,Vishal,Mobile,7,40542,,Pune,283794
146,Simran,Laptop,2,17820,NetBanking,Delhi,35640
147,Neha,Mouse,8,27876,UPI,Hyderabad,223008
148,Neha,Mouse,2,44013,UPI,Nagpur,88026
149,Amit,Keyboard,4,14699,UPI,Bangalore,58796
150,Vishal,Mobile,1,16376,NetBanking,Pune,16376
151,Neha,Laptop,5,8745,NetBanking,Mumbai,43725
152,Neha,Keyboard,9,7714,,Pune,69426
153,Amit,Headphones,1,1226,NetBanking,Mumbai,1226
154,Neha,Keyboard,9,47100,Card,Pune,423900
155,Pooja,Keyboard,8,11862,Card,Mumbai,94896
156,Riya,Mobile,6,18797,Cash,Hyderabad,112782
157,Simran,Headphones,7,30948,NetBanking,Delhi,216636
158,Riya,Keyboard,3,26672,Card,Mumbai,80016
159,Amit,Laptop,1,43374,UPI,Mumbai,43374
160,Raj,Laptop,5,8157,NetBanking,Nagpur,40785
161,Simran,Mouse,2,19350,Cash,Mumbai,38700
162,Amit,Headphones,5,25925,Cash,Nagpur,129625
163,Vishal,Headphones,8,27185,Cash,Bangalore,217480
164,Raj,Mouse,9,47819,UPI,Hyderabad,430371
165,Riya,Keyboard,2,25078,Card,,50156
166,Amit,Headphones,3,29331,UPI,Delhi,87993
167,Vishal,Laptop,3,8406,NetBanking,Hyderabad,25218
168,Simran,Laptop,1,7787,Cash,Nagpur,7787
169,Simran,Mobile,8,34160,UPI,Hyderabad,273280
170,Karan,Headphones,6,10722,UPI,Hyderabad,64332
171,Vishal,Keyboard,8,37943,Card,Hyderabad,303544
172,Pooja,Mouse,9,35201,Card,,316809
173,Neha,Mouse,5,18264,Cash,,91320
174,Raj,Keyboard,3,45141,UPI,Pune,135423
175,Vishal,Smartwatch,5,18174,UPI,Pune,90870
176,Karan,Mobile,5,18524,Card,Nagpur,92620
177,Neha,Mouse,5,46507,UPI,Hyderabad,232535
178,Neha,Headphones,3,24374,UPI,Nagpur,73122
179,Amit,Mobile,4,44142,UPI,Bangalore,176568
180,Neha,Headphones,9,32784,Card,Bangalore,295056
181,Pooja,Laptop,9,18102,Cash,Mumbai,162918
182,Simran,Mobile,2,38284,NetBanking,Bangalore,76568
183,Karan,Mouse,8,23765,Cash,Mumbai,190120
184,Neha,Mobile,8,26431,NetBanking,Delhi,211448
185,Amit,Mobile,7,29341,UPI,Nagpur,205387
186,Pooja,Mobile,8,29692,Cash,Delhi,237536
187,Riya,Smartwatch,3,47042,NetBanking,Bangalore,141126
188,Simran,Mobile,6,43020,Card,Delhi,258120
189,Simran,Headphones,1,16085,Card,Delhi,16085
190,Karan,Laptop,7,26059,Cash,Delhi,182413
191,Simran,Keyboard,1,40559,Cash,Bangalore,40559
192,Neha,Mobile,9,34242,UPI,Hyderabad,308178
193,Amit,Mouse,1,4633,,Delhi,4633
194,Simran,Mobile,1,15163,UPI,Mumbai,15163
195,Simran,Mouse,7,22254,UPI,Bangalore,155778
196,Riya,Headphones,2,4472,Card,Delhi,8944
197,Riya,Mouse,5,5795,Card,Hyderabad,28975
198,Raj,Keyboard,8,47181,NetBanking,Bangalore,377448
199,Pooja,Laptop,8,42373,Card,Pune,338984
200,Neha,Mouse,3,29625,Card,Hyderabad,88875
201,Simran,Mouse,7,41496,Cash,Mumbai,290472
202,Vishal,Laptop,3,10403,Card,Delhi,31209
203,Simran,,6,3520,NetBanking,Pune,21120
204,Amit,Mobile,6,42255,Cash,Pune,253530
205,Raj,Mouse,3,20920,NetBanking,Bangalore,62760
206,Pooja,Laptop,7,21952,Card,Pune,153664
207,Vishal,,3,46148,NetBanking,Mumbai,138444
208,Raj,Laptop,8,38501,Cash,Mumbai,308008
209,Karan,Headphones,4,10016,UPI,Nagpur,40064
210,Pooja,Keyboard,1,47827,NetBanking,Mumbai,47827
211,Simran,Mobile,4,49969,NetBanking,Hyderabad,199876
212,Simran,Laptop,7,2896,Cash,Pune,20272
213,Pooja,Smartwatch,4,19046,Cash,Mumbai,76184
214,Simran,Mouse,6,19629,NetBanking,Bangalore,117774
215,Neha,Keyboard,9,2091,Card,Nagpur,18819
216,Pooja,Laptop,1,11803,NetBanking,Pune,11803
217,Raj,Mouse,5,31061,Cash,Nagpur,155305
218,Pooja,Laptop,7,6683,UPI,Pune,46781
219,Vishal,Headphones,1,27072,UPI,Bangalore,27072
220,Simran,Laptop,4,34580,Card,Nagpur,138320
221,Neha,Smartwatch,6,21195,NetBanking,Delhi,127170
222,,Laptop,2,7814,UPI,Hyderabad,15628
223,Karan,Laptop,5,20123,NetBanking,Hyderabad,100615
224,Raj,Smartwatch,1,2639,Cash,Pune,2639
225,Riya,Keyboard,6,47956,UPI,Delhi,287736
226,Riya,Laptop,6,31790,Card,Nagpur,190740
227,Pooja,Smartwatch,4,18588,Cash,Delhi,74352
228,Karan,Mouse,8,40192,Card,Delhi,321536
229,Amit,Headphones,4,33630,Cash,Nagpur,134520
230,Pooja,Headphones,8,32588,UPI,Bangalore,260704
231,Karan,Laptop,8,26792,Card,Delhi,214336
232,Raj,Keyboard,5,46749,Card,Delhi,233745
233,Raj,Keyboard,4,21170,Cash,Bangalore,84680
234,Raj,Mouse,2,4238,Card,Delhi,8476
235,Raj,Laptop,3,2969,Cash,Delhi,8907
236,Raj,Headphones,3,23034,Cash,Delhi,69102
237,Karan,Keyboard,4,49374,Cash,Hyderabad,197496
238,Karan,Laptop,4,9517,Cash,Mumbai,38068
239,Neha,Keyboard,5,3308,UPI,Bangalore,16540
240,Vishal,Smartwatch,4,49638,Cash,Delhi,198552
241,Riya,Keyboard,8,48138,NetBanking,Hyderabad,385104
242,Simran,Headphones,6,13213,Card,Bangalore,79278
243,Raj,Mobile,6,40829,NetBanking,Pune,244974
244,Amit,Mouse,8,3219,UPI,Pune,25752
245,Simran,Mouse,7,23390,NetBanking,Delhi,163730
246,Karan,Headphones,8,12200,Card,Hyderabad,97600
247,Amit,Keyboard,2,37009,NetBanking,Hyderabad,74018
248,Amit,Laptop,9,43034,UPI,Bangalore,387306
249,Amit,Keyboard,1,37266,Cash,Bangalore,37266
250,Neha,Headphones,8,27205,NetBanking,,217640
251,Karan,Mouse,4,19287,UPI,Bangalore,77148
252,Amit,Keyboard,4,49345,UPI,Hyderabad,197380
253,Raj,Mouse,5,27088,Card,Mumbai,135440
254,Pooja,Laptop,8,26623,Card,Hyderabad,212984
255,Amit,Mouse,5,33562,NetBanking,Pune,167810
256,Neha,Mouse,8,10677,Cash,Bangalore,85416
257,Simran,Mobile,1,22227,UPI,Hyderabad,22227
258,Karan,Mobile,9,30720,NetBanking,Hyderabad,276480
259,Vishal,Smartwatch,6,10382,UPI,Bangalore,62292
260,Neha,Mobile,3,1636,UPI,Mumbai,4908
261,Amit,Mouse,8,35332,Cash,Mumbai,282656
262,Karan,Headphones,9,32466,Cash,Bangalore,292194
263,Pooja,Mouse,6,7509,NetBanking,Nagpur,45054
264,Amit,Headphones,7,13487,Cash,Bangalore,94409
265,Neha,Headphones,1,37811,Cash,Bangalore,37811
266,Riya,Mobile,5,32075,NetBanking,Mumbai,160375
267,Raj,Keyboard,5,1507,Cash,Mumbai,7535
268,Vishal,Laptop,4,5945,Card,Bangalore,23780
269,Simran,Mobile,6,11206,UPI,Bangalore,67236
270,Neha,Mobile,7,48017,UPI,Bangalore,336119
271,Karan,Keyboard,9,44986,UPI,Mumbai,404874
272,Vishal,Laptop,1,29757,UPI,Bangalore,29757
273,Vishal,Mouse,6,22236,NetBanking,Bangalore,133416
274,Vishal,Smartwatch,7,42707,UPI,Delhi,298949
275,Amit,Smartwatch,3,13781,UPI,Nagpur,41343
276,Raj,Mouse,8,1935,UPI,Pune,15480
277,Amit,Mobile,5,33839,UPI,Nagpur,169195
278,Karan,,9,35650,Card,Delhi,320850
279,Amit,Mobile,5,26321,UPI,Pune,131605
280,Riya,Headphones,9,27160,Card,Bangalore,244440
281,Raj,Mobile,4,5584,NetBanking,Delhi,22336
282,Raj,Mobile,9,17161,Cash,Bangalore,154449
283,Karan,Mouse,5,14007,UPI,Mumbai,70035
284,Simran,Mouse,9,7559,Cash,Hyderabad,68031
285,Riya,Mouse,3,18771,Cash,Delhi,56313
286,Neha,Smartwatch,4,46039,NetBanking,Mumbai,184156
287,Amit,Headphones,9,7991,Cash,Delhi,71919
288,Pooja,Mouse,6,47795,Card,Delhi,286770
289,Amit,Laptop,2,15359,Cash,Mumbai,30718
290,Vishal,Smartwatch,7,8573,Cash,Pune,60011
291,Amit,Keyboard,2,9577,Cash,Nagpur,19154
292,Neha,Laptop,2,21453,UPI,Bangalore,42906
293,Amit,Laptop,1,11883,UPI,Delhi,11883
294,Riya,Mouse,3,49646,Card,Bangalore,148938
295,Riya,Keyboard,6,2853,Card,Hyderabad,17118
296,Raj,Keyboard,8,24321,UPI,Mumbai,194568
297,Karan,Smartwatch,9,38067,Card,Bangalore,342603
298,Simran,Keyboard,7,25360,UPI,Mumbai,177520
299,Pooja,Headphones,4,21695,NetBanking,Bangalore,86780
300,Vishal,Mouse,6,12439,Cash,Nagpur,74634
301,Amit,Keyboard,5,25838,Cash,Nagpur,129190
302,Amit,Smartwatch,8,22230,Card,Nagpur,177840
303,Neha,Headphones,1,21927,UPI,Nagpur,21927
304,Karan,Mobile,1,35696,UPI,,35696
305,Riya,Mobile,6,27583,Card,Nagpur,165498
306,Pooja,Headphones,2,22010,UPI,Mumbai,44020
307,Raj,Smartwatch,5,44564,NetBanking,Delhi,222820
308,Riya,Headphones,1,8313,Cash,Bangalore,8313
309,Vishal,Mouse,7,32098,Card,Nagpur,224686
310,Karan,Mouse,1,47682,Card,Mumbai,47682
311,Vishal,Mobile,4,28070,UPI,Mumbai,112280
312,Simran,Keyboard,9,27582,Card,Mumbai,248238
313,Raj,Smartwatch,1,29741,NetBanking,Delhi,29741
314,Simran,Mobile,4,31178,UPI,Bangalore,124712
315,Neha,Keyboard,6,45069,UPI,Delhi,270414
316,Vishal,Keyboard,6,12245,UPI,Pune,73470
317,Neha,Mouse,8,26529,UPI,Mumbai,212232
318,Amit,Laptop,1,13525,NetBanking,Pune,13525
319,Simran,,7,36624,UPI,Hyderabad,256368
320,Karan,Headphones,1,14788,Card,Nagpur,14788
321,Vishal,Mouse,7,24150,NetBanking,Nagpur,169050
322,Pooja,Keyboard,3,7040,Cash,Delhi,21120
323,Raj,Smartwatch,8,32732,Cash,Bangalore,261856
324,Riya,Laptop,3,16922,Card,Pune,50766
325,Karan,Keyboard,1,3842,Card,Bangalore,3842
326,Karan,Laptop,8,42346,NetBanking,Delhi,338768
327,Neha,Laptop,3,36112,Cash,Nagpur,108336
328,Simran,Laptop,2,10896,Cash,Bangalore,21792
329,Vishal,Smartwatch,1,17982,Cash,Bangalore,17982
330,Vishal,Mouse,3,23911,Cash,Nagpur,71733
331,Amit,Smartwatch,2,47266,Cash,Pune,94532
332,,Mobile,2,13761,UPI,Nagpur,27522
333,Raj,Keyboard,6,3593,Card,Bangalore,21558
334,Neha,Mouse,1,12222,UPI,Pune,12222
335,Karan,Mouse,2,22542,Cash,Pune,45084
336,Vishal,Mouse,6,44913,NetBanking,Nagpur,269478
337,Pooja,Mouse,3,48351,NetBanking,Bangalore,145053
338,Neha,Smartwatch,4,28587,Cash,Delhi,114348
339,Raj,,1,32847,Cash,Bangalore,32847
340,Raj,Headphones,8,34256,NetBanking,Mumbai,274048
341,Neha,Keyboard,7,39714,UPI,Hyderabad,277998
342,Raj,Mouse,7,16835,UPI,Delhi,117845
343,Neha,Keyboard,3,29102,Cash,Pune,87306
344,Riya,Headphones,3,49401,UPI,Delhi,148203
345,Neha,Headphones,2,34950,,Pune,69900
346,Simran,Keyboard,1,32696,UPI,Pune,32696
347,Neha,Laptop,7,6126,Cash,Delhi,42882
348,,Mobile,7,7924,NetBanking,Pune,55468
349,Vishal,Laptop,2,13357,UPI,Pune,26714
350,Simran,Laptop,7,45423,Card,Mumbai,317961
351,Raj,Smartwatch,8,20482,NetBanking,Bangalore,163856
352,Amit,Laptop,1,11925,NetBanking,Bangalore,11925
353,Amit,Mouse,9,2480,Card,Hyderabad,22320
354,Vishal,Smartwatch,7,48790,Card,Hyderabad,341530
355,Vishal,Smartwatch,3,26931,NetBanking,Mumbai,80793
356,Simran,Headphones,8,19940,Card,Hyderabad,159520
357,Riya,Laptop,7,42252,Cash,Delhi,295764
358,Vishal,Headphones,8,17675,Cash,Nagpur,141400
359,Amit,Keyboard,6,49151,Cash,Nagpur,294906
360,Neha,Mobile,9,26885,NetBanking,Nagpur,241965
361,Raj,Smartwatch,5,38658,Card,Mumbai,193290
362,Amit,Keyboard,3,23519,Card,Mumbai,70557
363,,Keyboard,3,19139,UPI,Pune,57417
364,Riya,Mouse,1,20494,UPI,Nagpur,20494
365,Simran,Mobile,8,34875,Card,Delhi,279000
366,Simran,Keyboard,2,22063,Card,Hyderabad,44126
367,Karan,Keyboard,3,39841,Card,Delhi,119523
368,Riya,Mobile,8,6276,NetBanking,Hyderabad,50208
369,Neha,Mobile,8,36944,Card,Nagpur,295552
370,Simran,Keyboard,4,3880,UPI,Nagpur,15520
371,Raj,Mobile,4,9211,NetBanking,Nagpur,36844
372,Vishal,Keyboard,5,9282,Card,Mumbai,46410
373,Riya,Keyboard,6,17934,,Hyderabad,107604
374,Vishal,Mouse,5,47265,NetBanking,Mumbai,236325
375,Amit,Laptop,7,20517,Card,Mumbai,143619
376,Raj,Keyboard,2,31207,Card,Bangalore,62414
377,Raj,Headphones,7,39610,Card,Delhi,277270
378,Amit,Smartwatch,7,17843,NetBanking,Delhi,124901
379,Riya,Laptop,1,39327,UPI,Pune,39327
380,Amit,Laptop,7,42152,UPI,Mumbai,295064
381,Vishal,Laptop,5,6155,Cash,Hyderabad,30775
382,Karan,Mouse,3,45359,Card,Bangalore,136077
383,Raj,Keyboard,3,15751,Cash,Bangalore,47253
384,Pooja,Mouse,4,1026,Cash,Delhi,4104
385,Pooja,Keyboard,2,3724,UPI,Mumbai,7448
386,Vishal,Mouse,2,48337,NetBanking,Pune,96674
387,Neha,Mouse,1,12036,NetBanking,Mumbai,12036
388,Simran,Smartwatch,5,29041,UPI,Nagpur,145205
389,Amit,Headphones,4,14047,NetBanking,Mumbai,56188
390,Amit,Mouse,2,35031,Cash,Nagpur,70062
391,Neha,,3,9212,Card,Nagpur,27636
392,Neha,Mobile,7,39065,UPI,Pune,273455
393,Vishal,Headphones,7,9708,Card,Hyderabad,67956
394,Vishal,Mouse,4,5609,NetBanking,Delhi,22436
395,Neha,Laptop,5,49768,Card,Mumbai,248840
396,Raj,Mobile,5,35701,NetBanking,Nagpur,178505
397,,Mobile,6,17467,NetBanking,Mumbai,104802
398,Karan,Smartwatch,9,30259,Cash,Hyderabad,272331
399,Vishal,Mobile,2,20672,NetBanking,Delhi,41344
400,Amit,Headphones,5,37435,Cash,Hyderabad,187175
401,Vishal,Mouse,3,27089,Cash,Delhi,81267
402,Raj,Mouse,4,30515,Cash,Bangalore,122060
403,Neha,Laptop,6,29509,UPI,Delhi,177054
404,Amit,Smartwatch,8,18273,UPI,Pune,146184
405,Vishal,Laptop,1,41625,NetBanking,Hyderabad,41625
406,Raj,Mobile,8,26643,Cash,Nagpur,213144
407,Karan,Laptop,7,6654,UPI,Bangalore,46578
408,Vishal,Headphones,1,22304,Cash,Pune,22304
409,Raj,Mouse,2,42188,Card,Mumbai,84376
410,Karan,Mobile,3,21081,Card,Hyderabad,63243
411,Neha,Laptop,1,30587,Card,Nagpur,30587
412,Vishal,,9,33481,NetBanking,Delhi,301329
413,Karan,Headphones,8,4262,Cash,Nagpur,34096
414,Amit,Headphones,2,46667,Card,Mumbai,93334
415,Neha,Laptop,9,10268,UPI,Bangalore,92412
416,Amit,Mouse,7,43908,Card,Bangalore,307356
417,Pooja,Laptop,9,39999,Card,Hyderabad,359991
418,Riya,Mobile,6,39059,Card,Bangalore,234354
419,Vishal,Laptop,6,49090,NetBanking,Hyderabad,294540
420,Karan,Headphones,4,9283,UPI,Hyderabad,37132
421,Riya,Laptop,2,46889,Cash,Hyderabad,93778
422,Riya,Mouse,7,30281,UPI,Delhi,211967
423,Karan,Smartwatch,5,31311,Cash,Pune,156555
424,Neha,Keyboard,6,49287,NetBanking,Hyderabad,295722
425,Vishal,Laptop,2,35988,NetBanking,Hyderabad,71976
426,Pooja,Mouse,5,9405,NetBanking,Pune,47025
427,Amit,Mouse,4,9627,NetBanking,Nagpur,38508
428,Raj,Smartwatch,9,22931,Cash,Hyderabad,206379
429,Amit,Headphones,6,49653,Card,Delhi,297918
430,Raj,Mouse,2,6868,Cash,Bangalore,13736
431,Amit,,1,27924,UPI,Bangalore,27924
432,Karan,Mouse,5,47324,NetBanking,Mumbai,236620
433,Pooja,Mouse,9,45504,NetBanking,Mumbai,409536
434,Vishal,Mobile,6,18833,UPI,Bangalore,112998
435,Raj,Mobile,7,23616,Cash,Bangalore,165312
436,Vishal,Headphones,5,47719,Card,Delhi,238595
437,Vishal,Laptop,6,43701,Card,Pune,262206
438,Vishal,Mouse,5,16025,UPI,Mumbai,80125
439,Simran,Smartwatch,9,23898,Card,Pune,215082
440,Neha,Laptop,6,33357,Cash,,200142
441,Amit,Smartwatch,8,10861,Cash,Bangalore,86888
442,Vishal,Laptop,2,16869,UPI,Hyderabad,33738
443,Amit,Headphones,9,3541,Cash,Pune,31869
444,Vishal,Mouse,5,605,NetBanking,Bangalore,3025
445,Raj,Mouse,7,9578,UPI,Bangalore,67046
446,Neha,Keyboard,1,25503,Cash,Nagpur,25503
447,Neha,Smartwatch,5,6590,UPI,Pune,32950
448,Karan,Laptop,2,39350,Card,Hyderabad,78700
449,Simran,Laptop,6,2425,Cash,Pune,14550
450,Karan,Mobile,1,18940,NetBanking,Bangalore,18940
451,Karan,Keyboard,3,40185,Cash,Hyderabad,120555
452,Karan,Mobile,5,26515,UPI,Delhi,132575
453,Karan,Mobile,4,33820,UPI,Nagpur,135280
454,Karan,Mobile,3,25791,Cash,Bangalore,77373
455,Pooja,Smartwatch,5,37179,NetBanking,Mumbai,185895
456,,Smartwatch,8,26789,NetBanking,Mumbai,214312
457,Karan,Headphones,4,3889,NetBanking,,15556
458,Vishal,Headphones,1,26183,UPI,Delhi,26183
459,Neha,Mobile,7,14129,Cash,Bangalore,98903
460,Neha,Keyboard,8,25326,Card,Pune,202608
461,Riya,Laptop,3,35698,UPI,Nagpur,107094
462,Pooja,Smartwatch,6,27130,NetBanking,Delhi,162780
463,Karan,Keyboard,2,33726,Cash,Pune,67452
464,Amit,Mouse,7,46663,NetBanking,Mumbai,326641
465,Raj,Smartwatch,8,33475,Card,Mumbai,267800
466,Simran,Smartwatch,6,1399,NetBanking,Pune,8394
467,Vishal,Headphones,6,12153,NetBanking,Nagpur,72918
468,Amit,Laptop,5,28461,Card,Mumbai,142305
469,Pooja,Laptop,8,16905,,Bangalore,135240
470,Raj,Mouse,1,9101,UPI,Hyderabad,9101
471,Pooja,Mouse,4,34162,Cash,Pune,136648
472,Vishal,Smartwatch,4,33782,Card,Pune,135128
473,Neha,Mobile,3,21788,NetBanking,Mumbai,65364
474,Raj,Headphones,3,30045,Cash,Nagpur,90135
475,Neha,Headphones,4,37377,UPI,Bangalore,149508
476,Vishal,Smartwatch,1,46526,Card,Nagpur,46526
477,Amit,Keyboard,2,15813,Cash,Delhi,31626
478,Vishal,Mobile,9,15849,UPI,Delhi,142641
479,Amit,Smartwatch,2,7679,Card,Hyderabad,15358
480,Raj,Mobile,5,10826,UPI,Mumbai,54130
481,Raj,Mobile,9,45055,Card,Mumbai,405495
482,Karan,Mobile,9,2060,NetBanking,Mumbai,18540
483,Pooja,Smartwatch,8,14112,Cash,Hyderabad,112896
484,Karan,Headphones,1,18150,UPI,Delhi,18150
485,Pooja,Headphones,1,27245,Card,Nagpur,27245
486,Karan,Mobile,9,32390,UPI,Hyderabad,291510
487,Neha,Keyboard,8,20522,UPI,Hyderabad,164176
488,Raj,Laptop,9,5280,Cash,Nagpur,47520
489,Amit,Smartwatch,7,18811,NetBanking,Mumbai,131677
490,Pooja,Laptop,3,28880,UPI,Bangalore,86640
491,Vishal,Keyboard,3,45162,Card,Nagpur,135486
492,Pooja,Smartwatch,2,2856,,Delhi,5712
493,Amit,Mobile,5,5290,NetBanking,Pune,26450
494,Karan,Headphones,3,27411,Card,,82233
495,Pooja,Laptop,6,49958,NetBanking,Hyderabad,299748
496,Simran,Mouse,2,24863,Card,Pune,49726
497,Neha,Mouse,3,20549,Cash,Bangalore,61647
498,Raj,Keyboard,5,10681,,Mumbai,53405
499,Amit,Mobile,1,40325,Cash,Delhi,40325
500,Raj,Laptop,1,16582,UPI,Bangalore,16582
362,Amit,Keyboard,3,23519,Card,Mumbai,70557
74,Riya,Headphones,4,44981,Cash,Hyderabad,179924
375,Amit,Laptop,7,20517,Card,Mumbai,143619
156,Riya,Mobile,6,18797,Cash,Hyderabad,112782
105,Riya,Mouse,7,2550,UPI,Delhi,17850
